timestamp,shop,name,code,kind,lang,price,currency,priceEUR,inStock,url
2026-10-08T13:49:25Z,cardempire,One Piece TCG - OP17 The World´s Strongest Warriors - Booster Box (Japonsky),OP17,Box,JP,180.0,EUR,180.0,1,https://www.cardempire.sk/one-piece-tcg-op-17-the-world--s-strongest-warriors-booster-box--japonsky-/
2026-10-08T13:49:25Z,cardempire,One Piece TCG - The Time of Battle Booster Box (OP16) - EN,OP16,Box,EN,190.0,EUR,190.0,1,https://www.cardempire.sk/one-piece-tcg-the-time-of-battle-booster-box--op16-en/
2026-10-08T13:49:25Z,cardempire,One Piece TCG - OP13 - Carrying On His Will - Booster Box - (Japonský),OP13,Box,JP,175.0,EUR,175.0,1,https://www.cardempire.sk/one-piece-tcg-op13-carrying-on-his-will-booster-box-japonsky-/
2026-10-08T13:49:25Z,cardempire,One Piece TCG – OP-14 The Azure Sea’s Seven – Booster Box (Japanese),OP14,Box,JP,99.0,EUR,99.0,1,https://www.cardempire.sk/one-piece-tcg-the-azure-sea-s-seven-booster-box-japanese-/
2026-10-08T13:49:25Z,cardempire,One Piece TCG - Illustration Box Vol.7,,Iné,EN,45.0,EUR,45.0,1,https://www.cardempire.sk/one-piece-card-game--illustration-box-vol-7--ib-07-/
2026-10-08T13:49:25Z,cardempire,One Piece TCG - OP17 - The World´s Strongest Warriors - Booster Box,OP17,Box,EN,350.0,EUR,350.0,1,https://www.cardempire.sk/one-piece-tcg-the-world--s-strongest-warriors-booster-box/
2026-10-08T13:49:25Z,cardempire,One Piece TCG - Illustration Box Vol.8,,Iné,EN,45.0,EUR,45.0,1,https://www.cardempire.sk/one-piece-tcg-illustration-box-vol-8/
2026-10-08T13:49:25Z,cardempire,One Piece TCG - EB03 Heroines Edition - Booster Box - Japanese,EB03,Box,JP,155.0,EUR,155.0,1,https://www.cardempire.sk/one-piece-tcg-eb03-heroines-edition-booster-box-japanese/
2026-10-08T13:49:25Z,cardempire,One Piece TCG - EB04 Egghead Crisis - Booster Box ( Japonský ),EB04,Box,JP,120.0,EUR,120.0,1,https://www.cardempire.sk/one-piece-tcg-eb04-egghead-crisis-booster-box-japonsky--/
2026-10-08T13:49:25Z,cardempire,One Piece TCG - Set Sail Deck Set,,Starter,EN,30.0,EUR,30.0,1,https://www.cardempire.sk/one-piece-tcg-set-sail-deck-set/
2026-10-08T13:49:25Z,cardempire,One Piece TCG - OP17 - The World´s Strongest Warriors - Booster Box - Case,OP17,Case,EN,4200.0,EUR,4200.0,1,https://www.cardempire.sk/one-piece-tcg-the-worlds-strongest-warriors-booster-box-case/
2026-10-08T13:49:25Z,cardempire,One Piece TCG - The Time of Battle Booster Box Case (OP16) - EN,OP16,Case,EN,2300.0,EUR,2300.0,1,https://www.cardempire.sk/one-piece-tcg-the-time-of-battle-booster-box-case--op16-en/
2026-10-08T13:49:25Z,cardempire,One Piece TCG - Adventure on Kami’s Island Booster Box CASE (OP15) - EN,OP15,Case,EN,3200.0,EUR,3200.0,1,https://www.cardempire.sk/one-piece-tcg-adventure-on-kami-s-island-booster-box-case--op15-en/
2026-10-08T13:49:25Z,cardempire,One Piece TCG - Two Legends - Booster Box - Japonský,OP08,Box,JP,100.0,EUR,100.0,1,https://www.cardempire.sk/one-piece-tcg-two-legends-booster-box-japonsky/
2026-10-08T13:49:25Z,cardempire,One Piece TCG - OP15 The Adventure of the Island of God - Booster Box - Japonský,OP15,Box,JP,105.0,EUR,105.0,1,https://www.cardempire.sk/one-piece-tcg-the-adventure-of-the-island-of-god-booster-box-japonsky/
2026-10-08T13:49:25Z,cardempire,One Piece TCG - Emperors In The New World - Booster Box - Japonský,OP09,Box,JP,160.0,EUR,160.0,1,https://www.cardempire.sk/one-piece-tcg-emperors-in-the-new-world-booster-box-japonsky/
2026-10-08T13:49:25Z,cardempire,One Piece TCG - EB03 Heroines Edition - Booster Box - Sealed Case,EB03,Case,EN,4000.0,EUR,4000.0,1,https://www.cardempire.sk/one-piece-tcg-eb03-heroines-edition-booster-box-sealed-case/
2026-10-08T13:49:25Z,cardempire,One Piece TCG – OPC-02 Paramount War – Booster Box - Čínsky,OP02,Box,EN,80.0,EUR,80.0,1,https://www.cardempire.sk/one-piece-tcg-paramount-war-booster-box-cinsky/
2026-10-08T13:49:25Z,cardempire,One Piece TCG – OPC-01 Romance Of Dawn – Booster Box Čínsky,,Box,EN,90.0,EUR,90.0,1,https://www.cardempire.sk/one-piece-tcg-romance-of-dawn-booster-box-cinsky/
2026-10-08T13:49:25Z,cardempire,One Piece TCG - Carrying On His Will - Booster Box - Sealed Case,OP13,Case,EN,7000.0,EUR,7000.0,1,https://www.cardempire.sk/one-piece-tcg-carrying-on-his-will-booster-box-sealed-case/
2026-10-08T13:49:25Z,cardempire,One Piece TCG - OP17 The World´s Strongest Warriors - Booster Pack (Japonsky),OP17,Pack,JP,8.0,EUR,8.0,1,https://www.cardempire.sk/one-piece-tcg-op17-the-world--s-strongest-warriors-booster-pack--japonsky-/
2026-10-08T13:49:25Z,cardempire,One Piece TCG - The Time of Battle Booster Pack (OP16) - EN,OP16,Pack,EN,8.0,EUR,8.0,1,https://www.cardempire.sk/one-piece-tcg-the-time-of-battle-booster-pack--op16-en/
2026-10-08T13:49:25Z,cardempire,One Piece TCG - OP17 The World´s Strongest Warriors - Booster Pack,OP17,Pack,EN,15.0,EUR,15.0,1,https://www.cardempire.sk/one-piece-tcg-op17-the-world--s-strongest-warriors-booster-pack/
2026-10-08T13:49:25Z,cardempire,One Piece TCG - OP13 - Carrying On His Will - Booster Pack - (Japonský),OP13,Pack,JP,7.5,EUR,7.5,1,https://www.cardempire.sk/one-piece-tcg-op13-carrying-on-his-will-booster-pack-japonsky-/
2026-10-08T13:49:25Z,cardempire,One Piece TCG - Emperors In The New World - Booster Pack - Japonský,OP09,Pack,JP,7.0,EUR,7.0,1,https://www.cardempire.sk/one-piece-tcg-emperors-in-the-new-world-booster-pack-japonsky/
2026-10-08T13:49:25Z,cardempire,One Piece TCG - EB03 Heroines Edition - Booster Pack - Japanese,EB03,Pack,JP,6.5,EUR,6.5,1,https://www.cardempire.sk/one-piece-tcg-eb03-heroines-edition-booster-pack-japanese/
2026-10-08T13:49:25Z,cardempire,One piece - Jump Promo Pack - Ultimate Warriors,,Pack,EN,48.0,EUR,48.0,1,https://www.cardempire.sk/one-piece-jump-promo-pack-ultimate-warriors/
2026-10-08T13:49:25Z,cardempire,One Piece TCG - OP15 Adventure of the God’s Island – Booster Pack - Japonský,OP15,Pack,JP,4.5,EUR,4.5,1,https://www.cardempire.sk/one-piece-tcg-op15-adventure-of-the-god-s-island---booster-pack-japonsky/
2026-10-08T13:49:25Z,cardempire,One Piece TCG - Paramount War - Booster Pack - Japonský,OP02,Pack,JP,7.0,EUR,7.0,1,https://www.cardempire.sk/one-piece-tcg-paramount-war-booster-pack-en/
2026-10-08T13:49:25Z,cardempire,One Piece TCG - 500 Years Into The Future - Booster Pack - Japonský,,Pack,JP,4.5,EUR,4.5,1,https://www.cardempire.sk/one-piece-tcg-500-years-into-the-future-booster-pack-japonsky/
2026-10-08T13:49:25Z,cardempire,One Piece TCG - EB04 Egghead Crisis - Booster Pack ( Japonský ),EB04,Pack,JP,5.0,EUR,5.0,1,https://www.cardempire.sk/one-piece-tcg-eb04-egghead-crisis-booster-pack-japonsky--/
2026-10-08T13:49:25Z,cardempire,One Piece TCG – OPC-02 Paramount War – Booster Pack (čínsky),OP02,Pack,EN,4.0,EUR,4.0,1,https://www.cardempire.sk/one-piece-tcg-paramount-war-booster-pack-cinsky/
2026-10-08T13:49:25Z,cardempire,One Piece TCG – OPC-01 Romance Of Dawn – Booster Pack Čínsky,,Pack,EN,4.0,EUR,4.0,1,https://www.cardempire.sk/one-piece-tcg-romance-of-dawn-booster-pack-cinsky/
2026-10-08T13:49:25Z,cardempire,One Piece TCG - Two Legends - Booster Pack - Japonský,OP08,Pack,JP,4.5,EUR,4.5,1,https://www.cardempire.sk/one-piece-tcg-two-legends-booster-pack-japonsky/
2026-10-08T13:49:25Z,cardempire,One Piece TCG – OP-14 The Azure Sea’s Seven – Booster Pack (Japanese),OP14,Pack,JP,4.5,EUR,4.5,1,https://www.cardempire.sk/one-piece-tcg-the-azure-sea-s-seven-booster-pack-japanese--/
2026-10-08T13:49:25Z,cardempire,One Piece TCG – PRB02 The Best Vol. 2 – Booster Pack (Japanese),PRB02,Pack,JP,10.0,EUR,10.0,1,https://www.cardempire.sk/one-piece-tcg-the-best-vol-2-booster-pack-japonsky/
2026-10-08T13:49:25Z,pikazard,One Piece ST35 - Starter Deck - Sabo,ST35,Starter,EN,16.5,EUR,16.5,1,https://www.pikazard.eu/one-piece-st35-starter-deck-sabo/
2026-10-08T13:49:25Z,pikazard,One Piece SD01 - Set Sail Deck Set,,Starter,EN,24.99,EUR,24.99,1,https://www.pikazard.eu/one-piece-sd01-set-sail-deck-set/
2026-10-08T13:49:25Z,pikazard,One Piece OP17 - Double pack set The Worlds strongest Warriors (DP12),OP17,Double Pack,EN,34.5,EUR,34.5,0,https://www.pikazard.eu/one-piece-op17-double-pack-set-the-worlds-strongest-warriors--dp12-/
2026-10-08T13:49:25Z,pikazard,One Piece OP17 - The World's Strongest Warriors - balíček,OP17,Pack,EN,12.5,EUR,12.5,0,https://www.pikazard.eu/one-piece-op17-the-world-s-strongest-warriors-balicek/
2026-10-08T13:49:25Z,pikazard,One Piece OP17 - The World's Strongest Warriors - Booster Box,OP17,Box,EN,300.0,EUR,300.0,1,https://www.pikazard.eu/one-piece-op17-the-world-s-strongest-warriors-booster-box/
2026-10-08T13:49:25Z,pikazard,One Piece TCG: Illustration Box Vol.8,,Iné,EN,39.5,EUR,39.5,0,https://www.pikazard.eu/one-piece-tcg--illustration-box-vol-8/
2026-10-08T13:49:25Z,pikazard,One Piece TCG: Illustration Box Vol.7,,Iné,EN,39.5,EUR,39.5,0,https://www.pikazard.eu/one-piece-tcg--illustration-box-vol-7/
2026-10-08T13:49:25Z,pikazard,One Piece Premium Card Collection - Best Selection Vol. 6,,Iné,EN,55.0,EUR,55.0,0,https://www.pikazard.eu/one-piece-premium-card-collection-best-selection-vol--6/
2026-10-08T13:49:25Z,pikazard,"One Piece ST36 - Starter Deck - Eustass ""Captain Kid""",ST36,Starter,EN,16.5,EUR,16.5,1,https://www.pikazard.eu/one-piece-st36-starter-deck-eustass--captain-kid-/
2026-10-08T13:49:25Z,pikazard,One Piece ST34 - Starter Deck - Charlotte Katakuri,ST34,Starter,EN,16.5,EUR,16.5,1,https://www.pikazard.eu/one-piece-st34-starter-deck-charlotte-katakuri/
2026-10-08T13:49:25Z,pikazard,One Piece ST33 - Starter Deck - Kuzan,ST33,Starter,EN,16.5,EUR,16.5,1,https://www.pikazard.eu/one-piece-st33-starter-deck-kuzan/
2026-10-08T13:49:25Z,pikazard,One Piece ST32 - Starter Deck - Roronoa Zoro,ST32,Starter,EN,16.5,EUR,16.5,0,https://www.pikazard.eu/one-piece-st32-starter-deck-roronoa-zoro/
2026-10-08T13:49:25Z,pikazard,One Piece ST31 - Starter Deck - Monkey.D.Luffy,ST31,Starter,EN,16.5,EUR,16.5,0,https://www.pikazard.eu/one-piece-st31-starter-deck-monkey-d-luffy/
2026-10-08T13:49:25Z,pikazard,One Piece OP16 - The Time of Battle - Booster Box,OP16,Box,EN,165.0,EUR,165.0,0,https://www.pikazard.eu/one-piece-op-16-the-time-of-battle-booster-box/
2026-10-08T13:49:25Z,pikazard,One Piece OP16 - The Time of Battle - Booster Pack,OP16,Pack,EN,7.0,EUR,7.0,0,https://www.pikazard.eu/one-piece-op-16-the-time-of-battle-booster-pack/
2026-10-08T13:49:25Z,pikazard,One Piece OP14 - The Azures Sea Seven - Booster Pack,OP14,Pack,EN,6.0,EUR,6.0,0,https://www.pikazard.eu/one-piece-op-14-the-azures-sea-seven-booster-pack/
2026-10-08T13:49:25Z,pikazard,One Piece OP14 - The Azures Sea Seven - booster Box,OP14,Box,EN,150.0,EUR,150.0,0,https://www.pikazard.eu/one-piece-op-14-the-azures-sea-seven-booster-box/
2026-10-08T13:49:25Z,pikazard,One Piece OP13 - Carrying on His Will - booster balíček,OP13,Pack,EN,15.0,EUR,15.0,0,https://www.pikazard.eu/one-piece-op13-carrying-on-his-will-booster-balicek/
2026-10-08T13:49:25Z,pikazard,One Piece OP13 - Carrying on His Will - booster box,OP13,Box,EN,350.0,EUR,350.0,0,https://www.pikazard.eu/one-piece-op13-carrying-on-his-will-booster-box/
2026-10-08T13:49:25Z,veselydrak,One Piece TCG - The Time of Battle Booster Box (OP-16) - JP,OP16,Box,JP,125.96,EUR,125.96,1,https://www.vesely-drak.sk/produkty/booster-box-one-piece/18937-one-piece-tcg-the-time-of-battle-booster-box-op-16-jp/
2026-10-08T13:49:25Z,veselydrak,One Piece TCG - Adventure on KAMI's Island Booster Box (OP-15) - JP,OP15,Box,JP,107.96,EUR,107.96,1,https://www.vesely-drak.sk/produkty/one-piece-card-game/18067-one-piece-tcg-adventure-on-kami-s-island-booster-box-op-15-jp/
2026-10-08T13:49:25Z,veselydrak,One Piece TCG - Egghead Crisis Booster Box (EB-04) - JP,EB04,Box,JP,115.96,EUR,115.96,1,https://www.vesely-drak.sk/produkty/one-piece-card-game/17585-one-piece-tcg-egghead-crisis-booster-box-eb-04-jp/
2026-10-08T13:49:25Z,veselydrak,One Piece TCG - Egghead Crisis Booster (EB-04) - JP,EB04,Pack,JP,5.0,EUR,5.0,1,https://www.vesely-drak.sk/produkty/one-piece-card-game/17586-one-piece-tcg-egghead-crisis-booster-eb-04-jp/
2026-10-08T13:49:25Z,veselydrak,One Piece TCG - The Azure Sea's Seven Booster Box (OP-14) - JP,OP14,Box,JP,79.96,EUR,79.96,1,https://www.vesely-drak.sk/produkty/one-piece-card-game/17133-one-piece-tcg-the-azure-sea-s-seven-booster-box-op-14-jp/
2026-10-08T13:49:25Z,veselydrak,One Piece Card Game - Royal Blood Booster Box (OP-10) - JP,OP10,Box,JP,99.96,EUR,99.96,1,https://www.vesely-drak.sk/produkty/one-piece-card-game/14756-one-piece-card-game-royal-blood-booster-box-op-10-jp/
2026-10-08T13:49:25Z,veselydrak,One Piece Card Game - Two Legends Booster Box (OP-08) - JP,OP08,Box,JP,99.96,EUR,99.96,1,https://www.vesely-drak.sk/produkty/one-piece-card-game/13228-one-piece-card-game-two-legends-booster-box-op-08-jp/
2026-10-08T13:49:25Z,veselydrak,One Piece TCG - The Worlds Strongest Warriors Booster Box (OP-17) - JP,OP17,Box,JP,147.96,EUR,147.96,0,https://www.vesely-drak.sk/produkty/booster-box-one-piece/19723-one-piece-tcg-the-worlds-strongest-warriors-booster-box-op-17-jp/
2026-10-08T13:49:25Z,veselydrak,One Piece TCG - The Worlds Strongest Warriors Booster Box (OP-17) - EN,OP17,Box,EN,359.96,EUR,359.96,0,https://www.vesely-drak.sk/produkty/booster-box-one-piece/19523-one-piece-tcg-the-worlds-strongest-warriors-booster-box-op-17-en/
2026-10-08T13:49:25Z,veselydrak,One Piece TCG – Romance Dawn OPC-01 Booster Box – čínsky,OP01,Box,EN,67.96,EUR,67.96,0,https://www.vesely-drak.sk/produkty/booster-box-one-piece/19642-one-piece-tcg-romance-dawn-opc-01-booster-box-cinsky/
2026-10-08T13:49:25Z,veselydrak,One Piece TCG – Romance Dawn OPC-01 Booster Balíček – čínsky,OP01,Pack,EN,3.16,EUR,3.16,0,https://www.vesely-drak.sk/produkty/booster-box-one-piece/19643-one-piece-tcg-romance-dawn-opc-01-booster-balicek-cinsky/
2026-10-08T13:49:25Z,veselydrak,One Piece TCG - The Time of Battle Booster Box (OP-16) - EN,OP16,Box,EN,183.96,EUR,183.96,0,https://www.vesely-drak.sk/produkty/booster-box-one-piece/18941-one-piece-tcg-the-time-of-battle-booster-box-op-16-en/
2026-10-08T13:49:25Z,veselydrak,One Piece TCG - The Time of Battle Double Pack Set 11 (DP-11) - EN,OP16,Double Pack,EN,23.96,EUR,23.96,0,https://www.vesely-drak.sk/produkty/one-piece-card-game/18982-one-piece-tcg-the-time-of-battle-double-pack-set-11-dp-11-en/
2026-10-08T13:49:25Z,veselydrak,One Piece TCG - Illustration Box Vol. 7 (IB-07) - EN,,Iné,EN,43.96,EUR,43.96,0,https://www.vesely-drak.sk/produkty/one-piece-card-game/19294-one-piece-tcg-illustration-box-vol-7-ib-07-en/
2026-10-08T13:49:25Z,veselydrak,One Piece TCG - Illustration Box Vol. 8 (IB-08) - EN,,Iné,EN,43.96,EUR,43.96,0,https://www.vesely-drak.sk/produkty/one-piece-card-game/19295-one-piece-tcg-illustration-box-vol-8-ib-08-en/
2026-10-08T13:49:25Z,veselydrak,One Piece TCG - Heroines Edition Booster Box (EB-03),EB03,Box,EN,239.96,EUR,239.96,0,https://www.vesely-drak.sk/produkty/one-piece-card-game/18076-one-piece-tcg-heroines-edition-booster-box-eb-03/
2026-10-08T13:49:25Z,veselydrak,One Piece TCG - Heroines Edition Booster (EB-03),EB03,Pack,EN,9.96,EUR,9.96,0,https://www.vesely-drak.sk/produkty/one-piece-card-game/18077-one-piece-tcg-heroines-edition-booster-eb-03/
2026-10-08T13:49:25Z,veselydrak,One Piece TCG - Adventure on KAMI's Island Double Pack Set 10 (DP-10) - EN,OP15,Double Pack,EN,19.96,EUR,19.96,0,https://www.vesely-drak.sk/produkty/one-piece-card-game/18393-one-piece-tcg-adventure-on-kami-s-island-double-pack-set-10-dp-10-en/
2026-10-08T13:49:25Z,veselydrak,One Piece TCG - Illustration Box Vol. 6 (IB-06) - EN,,Iné,EN,59.96,EUR,59.96,0,https://www.vesely-drak.sk/produkty/one-piece-card-game/17660-one-piece-tcg-illustration-box-vol-6-ib-06-en/
2026-10-08T13:49:25Z,veselydrak,One Piece TCG - Illustration Box Vol. 5 (IB-05) - EN,,Iné,EN,59.96,EUR,59.96,0,https://www.vesely-drak.sk/produkty/one-piece-card-game/17868-one-piece-tcg-illustration-box-vol-5-ib-05-en/
2026-10-08T13:49:25Z,veselydrak,One Piece TCG - Adventure on KAMI's Island Booster Box (OP-15) - EN,OP15,Box,EN,159.96,EUR,159.96,0,https://www.vesely-drak.sk/produkty/one-piece-card-game/18342-one-piece-tcg-adventure-on-kami-s-island-booster-box-op-15-en/
2026-10-08T13:49:25Z,veselydrak,One Piece TCG - The Azure Sea's Seven Booster Box (OP-14),OP14,Box,EN,159.96,EUR,159.96,0,https://www.vesely-drak.sk/produkty/booster-box-one-piece/17583-one-piece-tcg-the-azure-sea-s-seven-booster-box-op-14/
2026-10-08T13:49:25Z,veselydrak,One Piece TCG - Carrying on His Will Booster Box (OP-13) - EN,OP13,Box,EN,347.96,EUR,347.96,0,https://www.vesely-drak.sk/produkty/one-piece-card-game/17031-one-piece-tcg-carrying-on-his-will-booster-box-op-13-en/
2026-10-08T13:49:25Z,veselydrak,One Piece TCG - Heroines Edition Booster Box (EB-03) - JP,EB03,Box,JP,131.96,EUR,131.96,0,https://www.vesely-drak.sk/produkty/one-piece-card-game/16969-one-piece-tcg-heroines-edition-booster-box-eb-03-jp/
2026-10-08T13:49:25Z,veselydrak,One Piece TCG - The Best Vol. 2 Premium Booster Box (PRB-02) - EN,PRB02,Box,EN,119.96,EUR,119.96,0,https://www.vesely-drak.sk/produkty/one-piece-card-game/16853-one-piece-tcg-the-best-vol-2-premium-booster-box-prb-02-en/
2026-10-08T13:49:25Z,veselydrak,One Piece TCG - Legacy of the Master Booster Box (OP12) - EN,OP12,Box,EN,91.96,EUR,91.96,0,https://www.vesely-drak.sk/produkty/one-piece-card-game/16526-one-piece-tcg-legacy-of-the-master-booster-box-op12-en/
2026-10-08T13:49:25Z,veselydrak,One Piece TCG - Legacy of the Master Booster (OP12) - EN,OP12,Pack,EN,3.96,EUR,3.96,0,https://www.vesely-drak.sk/produkty/one-piece-card-game/16527-one-piece-tcg-legacy-of-the-master-booster-op12-en/
2026-10-08T13:49:25Z,veselydrak,One Piece TCG - Legacy of the Master Double Pack Set 8 (DP08) - EN,OP12,Double Pack,EN,11.96,EUR,11.96,0,https://www.vesely-drak.sk/produkty/one-piece-card-game/16528-one-piece-tcg-legacy-of-the-master-double-pack-set-8-dp08-en/
2026-10-08T13:49:25Z,veselydrak,One Piece TCG - Illustration Box Vol. 3 (IB-03) - EN,,Iné,EN,21.96,EUR,21.96,0,https://www.vesely-drak.sk/produkty/one-piece-card-game/16529-one-piece-tcg-illustration-box-vol-3-ib-03-en/
2026-10-08T13:49:25Z,veselydrak,One Piece TCG - Illustration Box Vol. 4 (IB-04) - EN,,Iné,EN,21.96,EUR,21.96,0,https://www.vesely-drak.sk/produkty/one-piece-card-game/16530-one-piece-tcg-illustration-box-vol-4-ib-04-en/
2026-10-08T13:49:25Z,veselydrak,One Piece TCG - Carrying on His Will Booster Box (OP-13) - JP,OP13,Box,JP,199.96,EUR,199.96,0,https://www.vesely-drak.sk/produkty/one-piece-card-game/16574-one-piece-tcg-carrying-on-his-will-booster-box-op-13-jp/
2026-10-08T13:49:25Z,veselydrak,One Piece TCG - Carrying on His Will Booster (OP-13) - JP,OP13,Pack,JP,7.96,EUR,7.96,0,https://www.vesely-drak.sk/produkty/one-piece-card-game/16575-one-piece-tcg-carrying-on-his-will-booster-op-13-jp/
2026-10-08T13:49:25Z,veselydrak,One Piece TCG - The Best Vol. 2 Premium Booster Box (PRB-02) - JP,PRB02,Box,JP,59.96,EUR,59.96,0,https://www.vesely-drak.sk/produkty/one-piece-card-game/16312-one-piece-tcg-the-best-vol-2-premium-booster-box-prb-02-jp/
2026-10-08T13:49:25Z,veselydrak,One Piece TCG - Legacy of the Master Booster Box (OP12) - JP,OP12,Box,JP,107.96,EUR,107.96,0,https://www.vesely-drak.sk/produkty/one-piece-card-game/15882-one-piece-tcg-legacy-of-the-master-booster-box-op12-jp/
2026-10-08T13:49:25Z,veselydrak,One Piece TCG - A Fist of Divine Speed Booster Box (OP11) - EN,OP11,Box,EN,119.96,EUR,119.96,0,https://www.vesely-drak.sk/produkty/one-piece-card-game/15872-one-piece-tcg-a-fist-of-divine-speed-booster-box-op11-en/
2026-10-08T13:49:25Z,veselydrak,One Piece TCG - Fist of God Speed Booster Box (OP11) - JP,OP11,Box,JP,87.96,EUR,87.96,0,https://www.vesely-drak.sk/produkty/one-piece-card-game/15291-one-piece-tcg-fist-of-god-speed-booster-box-op11-jp/
2026-10-08T13:49:25Z,veselydrak,One Piece TCG - Anime 25th Memorial Collection Booster Box (EB02) - JP,EB02,Box,JP,119.96,EUR,119.96,0,https://www.vesely-drak.sk/produkty/one-piece-card-game/14955-one-piece-tcg-anime-25th-memorial-collection-booster-box-eb02-jp/
2026-10-08T13:49:25Z,veselydrak,One Piece TCG - Anime 25th Memorial Collection Booster Box (EB02) - EN,EB02,Box,EN,123.96,EUR,123.96,0,https://www.vesely-drak.sk/produkty/one-piece-card-game/15747-one-piece-tcg-anime-25th-memorial-collection-booster-box-eb02-en/
2026-10-08T13:49:25Z,veselydrak,One Piece TCG - The Four Emperors in the New World Booster Box (OP-09) - EN,OP09,Box,EN,131.96,EUR,131.96,0,https://www.vesely-drak.sk/produkty/one-piece-card-game/14759-one-piece-tcg-the-four-emperors-in-the-new-world-booster-box-op-09-en/
2026-10-08T13:49:25Z,veselydrak,One Piece Card Game - Royal Blood Booster Box (OP-10) - EN,OP10,Box,EN,103.96,EUR,103.96,0,https://www.vesely-drak.sk/produkty/one-piece-card-game/15422-one-piece-card-game-royal-blood-booster-box-op-10-en/
2026-10-08T13:49:25Z,veselydrak,One Piece Card Game - The New Emperor Booster Box (OP-09) - JP,OP09,Box,JP,131.96,EUR,131.96,0,https://www.vesely-drak.sk/produkty/one-piece-card-game/13990-one-piece-card-game-the-new-emperor-booster-box-op-09-jp/
2026-10-08T13:49:25Z,veselydrak,One Piece TCG - The Best Premium Booster Box (PRB-01) - EN,PRB01,Box,EN,131.96,EUR,131.96,0,https://www.vesely-drak.sk/produkty/one-piece-card-game/14560-one-piece-tcg-the-best-premium-booster-box-prb-01-en/
2026-10-08T13:49:25Z,veselydrak,One Piece Card Game - 500 Years in the Future Booster Box (OP-07),OP07,Box,EN,147.96,EUR,147.96,0,https://www.vesely-drak.sk/produkty/one-piece-card-game/13425-one-piece-card-game-500-years-in-the-future-booster-box-op-07/
2026-10-08T13:49:25Z,veselydrak,One Piece TCG - The Best Premium Booster Box (PRB-01) - JP,PRB01,Box,JP,103.96,EUR,103.96,0,https://www.vesely-drak.sk/produkty/one-piece-card-game/13676-one-piece-tcg-the-best-premium-booster-box-prb-01-jp/
2026-10-08T13:49:25Z,veselydrak,One Piece Card Game - Two Legends Booster Box (OP-08) - EN,OP08,Box,EN,131.96,EUR,131.96,0,https://www.vesely-drak.sk/produkty/one-piece-card-game/13977-one-piece-card-game-two-legends-booster-box-op-08-en/
2026-10-08T13:49:25Z,veselydrak,One Piece TCG - Memorial Collection Booster Box (EB01) - EN,EB01,Box,EN,111.96,EUR,111.96,0,https://www.vesely-drak.sk/produkty/one-piece-card-game/13018-one-piece-tcg-memorial-collection-booster-box-eb01-en/
2026-10-08T13:49:25Z,veselydrak,One Piece Card Game - 500 Years in the Future Booster Box (OP-07) - JP,OP07,Box,JP,82.76,EUR,82.76,0,https://www.vesely-drak.sk/produkty/one-piece-card-game/12744-one-piece-card-game-500-years-in-the-future-booster-box-op-07-jp/
2026-10-08T13:49:25Z,veselydrak,One Piece Card Game - Wings of the Captain Booster Box (OP-06) - JP,OP06,Box,JP,119.96,EUR,119.96,0,https://www.vesely-drak.sk/produkty/one-piece-card-game/12741-one-piece-card-game-wings-of-the-captain-booster-box-op-06-jp/
2026-10-08T13:49:25Z,veselydrak,One Piece Card Game - Wings of the Captain Booster Box (OP-06) - EN,OP06,Box,EN,111.96,EUR,111.96,0,https://www.vesely-drak.sk/produkty/one-piece-card-game/12609-one-piece-card-game-wings-of-the-captain-booster-box-op-06-en/
2026-10-08T13:49:25Z,veselydrak,One Piece Card Game - Kingdoms Of Intrigue (OP-04) Booster Box,OP04,Box,EN,127.96,EUR,127.96,0,https://www.vesely-drak.sk/produkty/one-piece-card-game/11359-one-piece-card-game-kingdoms-of-intrigue-op-04-booster-box/
2026-10-08T13:49:25Z,veselydrak,One Piece TCG - Memorial Collection Booster Box (EB01) - JP,EB01,Box,JP,99.96,EUR,99.96,0,https://www.vesely-drak.sk/produkty/one-piece-card-game/12301-one-piece-tcg-memorial-collection-booster-box-eb01-jp/
2026-10-08T13:49:25Z,veselydrak,One Piece Card Game - (OP-05) Awakening of the New Era Booster Box,OP05,Box,EN,127.96,EUR,127.96,0,https://www.vesely-drak.sk/produkty/one-piece-card-game/11971-one-piece-card-game-op-05-awakening-of-the-new-era-booster-box/
2026-10-08T13:49:25Z,veselydrak,One Piece Card Game - (OP-03) Pillars of Strength Booster Box,OP03,Box,EN,123.96,EUR,123.96,0,https://www.vesely-drak.sk/produkty/one-piece-card-game/11180-one-piece-card-game-op-03-pillars-of-strength-booster-box/
2026-10-08T13:49:25Z,veselydrak,One Piece TCG - The Time of Battle Booster (OP-16) - JP,OP16,Pack,JP,5.36,EUR,5.36,1,https://www.vesely-drak.sk/produkty/booster-one-piece/18938-one-piece-tcg-the-time-of-battle-booster-op-16-jp/
2026-10-08T13:49:25Z,veselydrak,One Piece TCG - Adventure on KAMI's Island Booster (OP-15) - JP,OP15,Pack,JP,4.36,EUR,4.36,1,https://www.vesely-drak.sk/produkty/one-piece-card-game/18073-one-piece-tcg-adventure-on-kami-s-island-booster-op-15-jp/
2026-10-08T13:49:25Z,veselydrak,One Piece TCG - The Azure Sea's Seven Booster (OP-14) - JP,OP14,Pack,JP,3.56,EUR,3.56,1,https://www.vesely-drak.sk/produkty/one-piece-card-game/17136-one-piece-tcg-the-azure-sea-s-seven-booster-op-14-jp/
2026-10-08T13:49:25Z,veselydrak,One Piece Card Game - Royal Blood Booster (OP-10) - JP,OP10,Pack,JP,4.36,EUR,4.36,1,https://www.vesely-drak.sk/produkty/one-piece-card-game/14757-one-piece-card-game-royal-blood-booster-op-10-jp/
2026-10-08T13:49:25Z,veselydrak,One Piece Card Game - Two Legends Booster (OP-08) - JP,OP08,Pack,JP,4.76,EUR,4.76,1,https://www.vesely-drak.sk/produkty/one-piece-card-game/13233-one-piece-card-game-two-legends-booster-op-08-jp/
2026-10-08T13:49:25Z,veselydrak,One Piece TCG - The Worlds Strongest Warriors Booster (OP-17) - JP,OP17,Pack,JP,6.36,EUR,6.36,0,https://www.vesely-drak.sk/produkty/booster-one-piece/19724-one-piece-tcg-the-worlds-strongest-warriors-booster-op-17-jp/
2026-10-08T13:49:25Z,veselydrak,One Piece TCG - The Worlds Strongest Warriors Booster Balíček (OP-17) - EN,OP17,Pack,EN,14.36,EUR,14.36,0,https://www.vesely-drak.sk/produkty/booster-one-piece/19524-one-piece-tcg-the-worlds-strongest-warriors-booster-balicek-op-17-en/
2026-10-08T13:49:25Z,veselydrak,One Piece TCG - The Time of Battle Booster (OP-16) - EN,OP16,Pack,EN,7.8,EUR,7.8,0,https://www.vesely-drak.sk/produkty/booster-one-piece/18942-one-piece-tcg-the-time-of-battle-booster-op-16-en/
2026-10-08T13:49:25Z,veselydrak,One Piece TCG - The Azure Sea's Seven Double Pack Set (DP-09),OP14,Double Pack,EN,23.96,EUR,23.96,0,https://www.vesely-drak.sk/produkty/one-piece-card-game/17873-one-piece-tcg-the-azure-sea-s-seven-double-pack-set-dp-09/
2026-10-08T13:49:25Z,veselydrak,One Piece TCG - Adventure on KAMI's Island Booster (OP-15) - EN,OP15,Pack,EN,6.76,EUR,6.76,0,https://www.vesely-drak.sk/produkty/one-piece-card-game/18341-one-piece-tcg-adventure-on-kami-s-island-booster-op-15-en/
2026-10-08T13:49:25Z,veselydrak,One Piece TCG - The Azure Sea's Seven Booster (OP-14),OP14,Pack,EN,6.76,EUR,6.76,0,https://www.vesely-drak.sk/produkty/one-piece-card-game/17584-one-piece-tcg-the-azure-sea-s-seven-booster-op-14/
2026-10-08T13:49:25Z,veselydrak,One Piece TCG - Carrying on His Will Booster (OP-13) - EN,OP13,Pack,EN,14.76,EUR,14.76,0,https://www.vesely-drak.sk/produkty/one-piece-card-game/17032-one-piece-tcg-carrying-on-his-will-booster-op-13-en/
2026-10-08T13:49:25Z,veselydrak,One Piece TCG - Heroines Edition Booster (EB-03) - JP,EB03,Pack,JP,5.16,EUR,5.16,0,https://www.vesely-drak.sk/produkty/one-piece-card-game/16970-one-piece-tcg-heroines-edition-booster-eb-03-jp/
2026-10-08T13:49:25Z,veselydrak,One Piece TCG - The Best Vol. 2 Premium Booster (PRB-02) - EN,PRB02,Pack,EN,5.96,EUR,5.96,0,https://www.vesely-drak.sk/produkty/one-piece-card-game/16852-one-piece-tcg-the-best-vol-2-premium-booster-prb-02-en/
2026-10-08T13:49:25Z,veselydrak,One Piece TCG - The Best Vol. 2 Premium Booster (PRB-02) - JP,PRB02,Pack,JP,5.96,EUR,5.96,0,https://www.vesely-drak.sk/produkty/one-piece-card-game/16311-one-piece-tcg-the-best-vol-2-premium-booster-prb-02-jp/
2026-10-08T13:49:25Z,veselydrak,One Piece TCG - Legacy of the Master Booster (OP12) - JP,OP12,Pack,JP,3.96,EUR,3.96,0,https://www.vesely-drak.sk/produkty/one-piece-card-game/15883-one-piece-tcg-legacy-of-the-master-booster-op12-jp/
2026-10-08T13:49:25Z,veselydrak,One Piece TCG - A Fist of Divine Speed Booster (OP11) - EN,OP11,Pack,EN,4.36,EUR,4.36,0,https://www.vesely-drak.sk/produkty/one-piece-card-game/15873-one-piece-tcg-a-fist-of-divine-speed-booster-op11-en/
2026-10-08T13:49:25Z,veselydrak,One Piece Card Game - Premium Card Collection - Best Selection Vol. 6 EN,,Iné,EN,55.96,EUR,55.96,0,https://www.vesely-drak.sk/produkty/one-piece-card-game/19296-one-piece-card-game-premium-card-collection-best-selection-vol-6-en/
2026-10-08T13:49:25Z,veselydrak,One Piece TCG - Fist of God Speed Booster (OP11) - JP,OP11,Pack,JP,3.56,EUR,3.56,0,https://www.vesely-drak.sk/produkty/one-piece-card-game/15319-one-piece-tcg-fist-of-god-speed-booster-op11-jp/
2026-10-08T13:49:25Z,veselydrak,One Piece Card Game - Premium Card Collection - Best Selection Vol. 3 EN,,Iné,EN,33.96,EUR,33.96,0,https://www.vesely-drak.sk/produkty/one-piece-card-game/15534-one-piece-card-game-premium-card-collection-best-selection-vol-3-en/
2026-10-08T13:49:25Z,veselydrak,One Piece Card Game - Premium Card Collection - Best Selection Vol. 4 EN,,Iné,EN,33.96,EUR,33.96,0,https://www.vesely-drak.sk/produkty/one-piece-card-game/16826-one-piece-card-game-premium-card-collection-best-selection-vol-4-en/
2026-10-08T13:49:25Z,veselydrak,One Piece TCG - Anime 25th Memorial Collection Booster (EB02),EB02,Pack,EN,5.56,EUR,5.56,0,https://www.vesely-drak.sk/produkty/one-piece-card-game/15746-one-piece-tcg-anime-25th-memorial-collection-booster-eb02/
2026-10-08T13:49:25Z,veselydrak,One Piece TCG - Anime 25th Memorial Collection Booster (EB02) - JP,EB02,Pack,JP,5.16,EUR,5.16,0,https://www.vesely-drak.sk/produkty/one-piece-card-game/14956-one-piece-tcg-anime-25th-memorial-collection-booster-eb02-jp/
2026-10-08T13:49:25Z,veselydrak,One Piece TCG - The Four Emperors in the New World Booster (OP-09) - EN,OP09,Pack,EN,5.16,EUR,5.16,0,https://www.vesely-drak.sk/produkty/one-piece-card-game/14760-one-piece-tcg-the-four-emperors-in-the-new-world-booster-op-09-en/
2026-10-08T13:49:25Z,veselydrak,One Piece Card Game - Royal Blood Booster (OP-10) - EN,OP10,Pack,EN,4.36,EUR,4.36,0,https://www.vesely-drak.sk/produkty/one-piece-card-game/15421-one-piece-card-game-royal-blood-booster-op-10-en/
2026-10-08T13:49:25Z,veselydrak,One Piece Card Game - The New Emperor Booster (OP-09) - JP,OP09,Pack,JP,5.56,EUR,5.56,0,https://www.vesely-drak.sk/produkty/one-piece-card-game/13991-one-piece-card-game-the-new-emperor-booster-op-09-jp/
2026-10-08T13:49:25Z,veselydrak,One Piece TCG - The Best Premium Booster (PRB-01) - EN,PRB01,Pack,EN,5.96,EUR,5.96,0,https://www.vesely-drak.sk/produkty/one-piece-card-game/14558-one-piece-tcg-the-best-premium-booster-prb-01-en/
2026-10-08T13:49:25Z,veselydrak,One Piece TCG - The Best Premium Booster (PRB-01) - JP,PRB01,Pack,JP,10.36,EUR,10.36,0,https://www.vesely-drak.sk/produkty/one-piece-card-game/13677-one-piece-tcg-the-best-premium-booster-prb-01-jp/
2026-10-08T13:49:25Z,veselydrak,One Piece Card Game - Two Legends Booster (OP-08) - EN,OP08,Pack,EN,5.56,EUR,5.56,0,https://www.vesely-drak.sk/produkty/one-piece-card-game/13978-one-piece-card-game-two-legends-booster-op-08-en/
2026-10-08T13:49:25Z,veselydrak,One Piece TCG - Memorial Collection Booster (EB01) - EN,EB01,Pack,EN,5.16,EUR,5.16,0,https://www.vesely-drak.sk/produkty/one-piece-card-game/13017-one-piece-tcg-memorial-collection-booster-eb01-en/
2026-10-08T13:49:25Z,veselydrak,One Piece Card Game - 500 Years in the Future Booster (OP-07) - JP,OP07,Pack,JP,3.96,EUR,3.96,0,https://www.vesely-drak.sk/produkty/one-piece-card-game/12742-one-piece-card-game-500-years-in-the-future-booster-op-07-jp/
2026-10-08T13:49:25Z,veselydrak,One Piece Card Game - 500 Years in the Future Booster (OP-07),OP07,Pack,EN,6.36,EUR,6.36,0,https://www.vesely-drak.sk/produkty/one-piece-card-game/13426-one-piece-card-game-500-years-in-the-future-booster-op-07/
2026-10-08T13:49:25Z,veselydrak,One Piece Card Game - Wings of the Captain Booster (OP-06) - JP,OP06,Pack,JP,5.16,EUR,5.16,0,https://www.vesely-drak.sk/produkty/one-piece-card-game/12739-one-piece-card-game-wings-of-the-captain-booster-op-06-jp/
2026-10-08T13:49:25Z,veselydrak,One Piece Card Game - Wings of the Captain Booster (OP-06) - EN,OP06,Pack,EN,5.16,EUR,5.16,0,https://www.vesely-drak.sk/produkty/one-piece-card-game/12610-one-piece-card-game-wings-of-the-captain-booster-op-06-en/
2026-10-08T13:49:25Z,veselydrak,One Piece TCG - Memorial Collection Booster (EB01) - JP,EB01,Pack,JP,3.96,EUR,3.96,0,https://www.vesely-drak.sk/produkty/one-piece-card-game/12302-one-piece-tcg-memorial-collection-booster-eb01-jp/
2026-10-08T13:49:25Z,veselydrak,One Piece Card Game - (OP-05) Awakening of the New Era Booster,OP05,Pack,EN,5.56,EUR,5.56,0,https://www.vesely-drak.sk/produkty/one-piece-card-game/11976-one-piece-card-game-op-05-awakening-of-the-new-era-booster/
2026-10-08T13:49:25Z,veselydrak,One Piece Card Game - Pillars of Strength Booster,OP03,Pack,EN,5.56,EUR,5.56,0,https://www.vesely-drak.sk/produkty/one-piece-card-game/11179-one-piece-card-game-pillars-of-strength-booster/
2026-10-08T13:49:25Z,ihrysko,One Piece TCG: Illustration Box Vol. 3 (IB-03),,Iné,EN,19.99,EUR,19.99,0,https://www.ihrysko.sk/one-piece-tcg-illustration-box-vol-3-ib-03-p120373
2026-10-08T13:49:25Z,ihrysko,One Piece TCG: Illustration Box Vol. 4 (IB-04),,Iné,EN,19.99,EUR,19.99,0,https://www.ihrysko.sk/one-piece-tcg-illustration-box-vol-4-ib-04-p120372
2026-10-08T13:49:25Z,ihrysko,One Piece TCG: Ace & Newgate Starter Deck - ST22,ST22,Starter,EN,16.99,EUR,16.99,0,https://www.ihrysko.sk/one-piece-tcg-ace-newgate-starter-deck-st22-p120447
2026-10-08T13:49:25Z,ihrysko,One Piece TCG: Double pack set Legacy of the Master (DP08),OP12,Double Pack,EN,9.99,EUR,9.99,0,https://www.ihrysko.sk/one-piece-tcg-double-pack-set-legacy-of-the-master-dp08-p120370
2026-10-08T13:49:25Z,ihrysko,One Piece TCG: 2nd Anniversary Set,,Iné,EN,129.99,EUR,129.99,0,https://www.ihrysko.sk/one-piece-tcg-2nd-anniversary-set-p120071
2026-10-08T13:49:25Z,ihrysko,One Piece TCG: A Fist of Divine Speed booster pack (OP11),OP11,Pack,EN,3.99,EUR,3.99,0,https://www.ihrysko.sk/one-piece-tcg-a-fist-of-divine-speed-booster-pack-op11-p119906
2026-10-08T13:49:25Z,ihrysko,One Piece TCG Official Dice and Dice Case,,Case,EN,11.99,EUR,11.99,0,https://www.ihrysko.sk/one-piece-tcg-official-dice-and-dice-case-p120371
2026-10-08T13:49:25Z,ihrysko,One Piece TCG: Royal blood booster pack (OP 10),OP10,Pack,EN,3.99,EUR,3.99,0,https://www.ihrysko.sk/one-piece-tcg-royal-blood-booster-pack-op-10-p119523
2026-10-08T13:49:25Z,ihrysko,Obaly Bandai One Piece vol. 3 STRAWHATS (70 ks),,Iné,EN,7.99,EUR,7.99,0,https://www.ihrysko.sk/obaly-bandai-one-piece-vol-3-strawhats-70-ks-p120017
2026-10-08T13:49:25Z,ihrysko,One Piece TCG GEAR5 ST21 Starter deck EX,ST21,Starter,EN,29.99,EUR,29.99,0,https://www.ihrysko.sk/one-piece-tcg-gear5-st21-starter-deck-ex-p119522
2026-10-08T13:49:25Z,ihrysko,One Piece TCG: Royal blood booster BOX (OP10),OP10,Box,EN,89.99,EUR,89.99,0,https://www.ihrysko.sk/one-piece-tcg-royal-blood-booster-box-op10-p119524
2026-10-08T13:49:25Z,ihrysko,One Piece TCG: A Fist of Divine Speed booster BOX (OP 11),OP11,Box,EN,89.99,EUR,89.99,0,https://www.ihrysko.sk/one-piece-tcg-a-fist-of-divine-speed-booster-box-op-11-p119928
2026-10-08T13:49:25Z,ihrysko,Obaly Bandai One Piece vol. 3 BLACKBEARD (70 ks),,Iné,EN,7.99,EUR,7.99,1,https://www.ihrysko.sk/obaly-bandai-one-piece-vol-3-blackbeard-70-ks-p120018
2026-10-08T13:49:25Z,ihrysko,One Piece Premium Card Collection - Best Selection Vol.4,,Iné,EN,49.99,EUR,49.99,0,https://www.ihrysko.sk/one-piece-premium-card-collection-best-selection-vol-4-p120541
2026-10-08T13:49:25Z,ihrysko,One Piece TCG: Azure Sea’s Seven booster pack (OP14),OP14,Pack,EN,5.99,EUR,5.99,0,https://www.ihrysko.sk/one-piece-tcg-azure-sea-s-seven-booster-pack-op14-p121121
2026-10-08T13:49:25Z,ihrysko,One Piece TCG: The Azure Seas Seven booster BOX (OP14),OP14,Box,EN,149.99,EUR,149.99,0,https://www.ihrysko.sk/one-piece-tcg-the-azure-sea-s-seven-booster-box-op14-p121157
2026-10-08T13:49:25Z,ihrysko,Obaly Bandai One Piece Dracule Mihawk,,Iné,EN,7.99,EUR,7.99,1,https://www.ihrysko.sk/obaly-bandai-one-piece-dracule-mihawk-p121394
2026-10-08T13:49:25Z,ihrysko,Obaly Bandai One Piece Hat Patterns,,Iné,EN,7.99,EUR,7.99,1,https://www.ihrysko.sk/obaly-bandai-one-piece-hat-patterns-p121395
2026-10-08T13:49:25Z,ihrysko,Obaly Bandai One Piece Standard Purple,,Iné,EN,7.99,EUR,7.99,0,https://www.ihrysko.sk/obaly-bandai-one-piece-standard-purple-p121396
2026-10-08T13:49:25Z,ihrysko,Obaly Bandai One Piece Boa Hancock,,Iné,EN,7.99,EUR,7.99,0,https://www.ihrysko.sk/obaly-bandai-one-piece-boa-hancock-p121397
2026-10-08T13:49:25Z,ihrysko,One Piece TCG: Premium Card Collection - Best Selection Vol.5,,Iné,EN,39.99,EUR,39.99,0,https://www.ihrysko.sk/one-piece-tcg-premium-card-collection-best-selection-vol-5-p121434
2026-10-08T13:49:25Z,ihrysko,One Piece TCG: Adventure on Kamis Island  booster pack (OP15),OP15,Pack,EN,9.49,EUR,9.49,0,https://www.ihrysko.sk/one-piece-tcg-adventure-on-kami-s-island-booster-pack-op15-p121610
2026-10-08T13:49:25Z,ihrysko,One Piece TCG: Adventure on Kamis Island booster box (OP15),OP15,Box,EN,219.99,EUR,219.99,0,https://www.ihrysko.sk/one-piece-tcg-adventure-on-kami-s-island-booster-box-op15-p121611
2026-10-08T13:49:25Z,ihrysko,One Piece TCG: Double pack set The Azure Seas Seven (DP09),OP14,Double Pack,EN,19.99,EUR,19.99,0,https://www.ihrysko.sk/one-piece-tcg-double-pack-set-the-azure-sea-s-seven-dp09-p121651
2026-10-08T13:49:25Z,ihrysko,Herná podložka One Piece CREW,,Iné,EN,16.99,EUR,16.99,1,https://www.ihrysko.sk/herna-podlozka-one-piece-crew-p122084
2026-10-08T13:49:25Z,ihrysko,Herná podložka One Piece SKETCH,,Iné,EN,16.99,EUR,16.99,1,https://www.ihrysko.sk/herna-podlozka-one-piece-sketch-p122085
2026-10-08T13:49:25Z,ihrysko,Herná podložka One Piece DEVIL FRUITS,,Iné,EN,16.99,EUR,16.99,1,https://www.ihrysko.sk/herna-podlozka-one-piece-devil-fruits-p122086
2026-10-08T13:49:25Z,ihrysko,Album Ultimate Guard: Zipfolio 360 Xenoskin One Piece CREW,,Iné,EN,37.99,EUR,37.99,1,https://www.ihrysko.sk/album-ultimate-guard-zipfolio-360-xenoskin-one-piece-crew-p122087
2026-10-08T13:49:25Z,ihrysko,One Piece TCG: The Time of Battle booster pack (OP16),OP16,Pack,EN,6.49,EUR,6.49,0,https://www.ihrysko.sk/one-piece-tcg-the-time-of-battle-booster-pack-op16-p122113
2026-10-08T13:49:25Z,ihrysko,One Piece TCG: The Time of Battle booster box (OP16),OP16,Box,EN,169.99,EUR,169.99,0,https://www.ihrysko.sk/one-piece-tcg-the-time-of-battle-booster-box-op16-p122114
2026-10-08T13:49:25Z,ihrysko,One Piece TCG: Double pack The Time of Battle (DP11),OP16,Double Pack,EN,24.99,EUR,24.99,0,https://www.ihrysko.sk/one-piece-tcg-double-pack-the-time-of-battle-dp11-p122146
2026-10-08T13:49:25Z,ihrysko,One Piece TCG: Premium Card Collection - Best Selection Vol.6,,Iné,EN,49.99,EUR,49.99,1,https://www.ihrysko.sk/one-piece-tcg-premium-card-collection-best-selection-vol-6-p122167
2026-10-08T13:49:25Z,ihrysko,Herná podložka One Piece Vol. 1,,Iné,EN,29.99,EUR,29.99,0,https://www.ihrysko.sk/herna-podlozka-one-piece-vol-1-p122426
2026-10-08T13:49:25Z,ihrysko,Krabička na karty Ultimate Guard Omnihive 1000+ XenoSkin Netflix One Piece,,Iné,EN,74.99,EUR,74.99,1,https://www.ihrysko.sk/krabicka-na-karty-ultimate-guard-omnihive-1000-xenoskin-netflix-one-piece-p122480
2026-10-08T13:49:25Z,ihrysko,"One Piece TCG: Monkey.D.Luffy Starter deck (Red, ST-31)",ST31,Starter,EN,14.99,EUR,14.99,0,https://www.ihrysko.sk/one-piece-tcg-monkey-d-luffy-starter-deck-red-st-31-p122482
2026-10-08T13:49:25Z,ihrysko,One Piece TCG: Illustration Box Vol. 7 (IB-07) Shakuyaku a Silvers Rayleigh,,Iné,EN,39.99,EUR,39.99,0,https://www.ihrysko.sk/one-piece-tcg-illustration-box-vol-7-ib-07-shakuyaku-a-silvers-rayleigh-p122483
2026-10-08T13:49:25Z,ihrysko,One Piece TCG: Illustration Box Vol. 8 (IB-08) - Killer/ Kid,,Iné,EN,39.99,EUR,39.99,0,https://www.ihrysko.sk/one-piece-tcg-illustration-box-vol-8-ib-08-killer-kid-p122484
2026-10-08T13:49:25Z,ihrysko,One Piece TCG: Double pack set The Worlds strongest Warriors (DP12),OP17,Double Pack,EN,34.99,EUR,34.99,0,https://www.ihrysko.sk/one-piece-tcg-double-pack-set-the-world-s-strongest-warriors-dp12-p122522
2026-10-08T13:49:25Z,ihrysko,"One Piece TCG: Roronoa Zoro Starter deck (Green, ST-32)",ST32,Starter,EN,14.99,EUR,14.99,0,https://www.ihrysko.sk/one-piece-tcg-roronoa-zoro-starter-deck-green-st-32-p122523
2026-10-08T13:49:25Z,ihrysko,"One Piece TCG: Kuzan Starter deck (Blue, ST-33)",ST33,Starter,EN,14.99,EUR,14.99,1,https://www.ihrysko.sk/one-piece-tcg-kuzan-starter-deck-blue-st-33-p122524
2026-10-08T13:49:25Z,ihrysko,"One Piece TCG: Charlotte Katakuri Starter deck (Purple, ST-34)",ST34,Starter,EN,14.99,EUR,14.99,0,https://www.ihrysko.sk/one-piece-tcg-charlotte-katakuri-starter-deck-purple-st-34-p122525
2026-10-08T13:49:25Z,ihrysko,"One Piece TCG: Sabo Starter deck (Red/Black, ST-35)",ST35,Starter,EN,14.99,EUR,14.99,1,https://www.ihrysko.sk/one-piece-tcg-sabo-starter-deck-red-black-st-35-p122526
2026-10-08T13:49:25Z,ihrysko,"One Piece TCG: Eustass ""Captain"" Kid Starter deck (Yellow, ST-36)",ST36,Starter,EN,14.99,EUR,14.99,1,https://www.ihrysko.sk/one-piece-tcg-eustass-captain-kid-starter-deck-yellow-st-36-p122527
2026-10-08T13:49:25Z,ihrysko,One Piece TCG: Set Sail Deck (SD-01),,Iné,EN,29.99,EUR,29.99,1,https://www.ihrysko.sk/one-piece-tcg-set-sail-deck-sd-01-p122863
2026-10-08T17:14:18Z,cardempire,One Piece - Official Playmat Limited Edition Vol.2 + Dash Pack 2025 Gift,,Iné,EN,48.0,EUR,48.0,1,https://www.cardempire.sk/one-piece-official-playmat-limited-edition-vol-2-dash-pack-2025-gift/
2026-10-08T17:14:18Z,cardempire,One Piece - Official Playmat Limited Edition Vol.1 + Dash Pack 2025 Gift,,Iné,EN,48.0,EUR,48.0,1,https://www.cardempire.sk/one-piece-official-playmat-limited-edition-vol-1-dash-pack-2025-gift/
2026-10-08T17:14:18Z,cardempire,One Piece TCG - Base Shop Limited Card Collection Vol. 1,,Iné,EN,75.0,EUR,75.0,1,https://www.cardempire.sk/one-piece-tcg-base-shop-limited-card-collection-vol-1/
2026-10-08T17:14:18Z,cardempire,One Piece TCG - Tony Tony Chopper - EB02-003 - Japonské Promo,EB02,Iné,JP,25.0,EUR,25.0,1,https://www.cardempire.sk/one-piece-tcg-tony-tony-chopper-eb02-003-japonske-promo/
2026-10-08T17:14:18Z,cardempire,One PIece TCG - Premium Card Collection - Best Selection Vol. 6,,Iné,EN,55.0,EUR,55.0,1,https://www.cardempire.sk/one-piece-tcg-premium-card-collection-best-selection-vol--6/
2026-10-08T17:14:18Z,cardempire,"One Piece TCG - Starter Deck - Yellow Eustass ""Captain"" Kid",,Starter,EN,20.0,EUR,20.0,1,https://www.cardempire.sk/one-piece-tcg-starter-deck-yellow-eustass--captain--kid/
2026-10-08T17:14:18Z,cardempire,One PIece TCG - Starter Deck - Monkey.D.Luffy,,Starter,EN,22.0,EUR,22.0,1,https://www.cardempire.sk/one-piece-tcg-starter-deck-monkey-d-luffy/
2026-10-08T17:14:18Z,cardempire,One Piece TCG - Starter Deck - Red Black Sabo,,Starter,EN,18.0,EUR,18.0,1,https://www.cardempire.sk/one-piece-tcg-starter-deck-red-black-sabo/
2026-10-08T17:14:18Z,cardempire,One Piece TCG - Starter Deck - Purple Charlotte Katakuri,,Starter,EN,20.0,EUR,20.0,1,https://www.cardempire.sk/one-piece-tcg-starter-deck-purple-charlotte-katakuri/
2026-10-08T17:14:18Z,cardempire,One PIece TCG - Starter Deck - Green Roronoa Zoro,,Starter,EN,22.0,EUR,22.0,1,https://www.cardempire.sk/one-piece-tcg-starter-deck-green-roronoa-zoro/
2026-10-08T17:14:18Z,cardempire,One Piece TCG - Starter Deck - Blue Kuzan,,Starter,EN,20.0,EUR,20.0,1,https://www.cardempire.sk/one-piece-tcg-starter-deck-blue-kuzan/
2026-10-08T17:14:18Z,cardempire,One Piece TCG - Special Goods Set - Ace/Sabo/Luffy,,Iné,EN,75.0,EUR,75.0,1,https://www.cardempire.sk/one-piece-tcg-special-goods-set-ace-sabo-luffy/
2026-10-08T17:14:18Z,cardempire,One Piece TCG - Premium Card Collection - Kumamoto Special (Japonský),,Iné,JP,500.0,EUR,500.0,1,https://www.cardempire.sk/one-piece-tcg-premium-card-collection-kumamoto-special--japonsky-/
2026-10-08T17:14:18Z,cardempire,One Piece TCG - Premium Card Collection - Best Selection Vol.5,,Iné,EN,45.0,EUR,45.0,1,https://www.cardempire.sk/one-piece-tcg-premium-card-collection-best-selection-vol-5/
2026-10-08T17:14:18Z,cardempire,One Piece TCG - Learn Together Deck Set,,Starter,EN,45.0,EUR,45.0,1,https://www.cardempire.sk/one-piece-tcg-learn-together-deck-set/
2026-10-08T17:14:18Z,cardempire,Minix - One Piece - Luffy #135,,Iné,EN,13.95,EUR,13.95,1,https://www.cardempire.sk/minix-one-piece-luffy--135/
